group_type,group,variant,row_count,positive_f1,prediction_flip_rate_raw,retained_token_pct,retained_char_pct,target_cue_preservation,harm_cue_preservation,negation_cue_preservation,quotation_cue_preservation,counterspeech_cue_preservation,target_harm_pair_preservation,stance_harm_relation_preservation,rationale_overlap
dataset,hatecheck,raw,3728,0.214,0.0,100.0,100.0,1.0,1.0,1.0,1.0,1.0,1.0,1.0,
dataset,hatecheck,pii_mask,3728,0.210244,0.028702,100.0,100.0,1.0,1.0,1.0,1.0,1.0,1.0,1.0,
dataset,hatecheck,pii_quasi_mask,3728,0.256958,0.054185,100.0,100.0,1.0,1.0,1.0,0.559419,1.0,1.0,0.701149,
dataset,hatecheck,importance_only,3728,0.257195,0.128755,19.431,18.199,0.729947,0.85119,0.333771,0.112342,0.181818,0.353591,0.076628,
dataset,hatecheck,importance_window,3728,0.292622,0.0853,57.694,52.537,0.887215,0.952381,0.720105,0.338938,0.818182,0.762431,0.37931,
dataset,hatecheck,icem_context,3728,0.246611,0.056867,66.55,60.647,0.997198,0.994048,0.986859,0.546427,1.0,0.994475,0.681992,
functionality,counter_quote_nh,raw,173,0.0,0.0,100.0,100.0,1.0,1.0,1.0,1.0,,1.0,1.0,
functionality,counter_quote_nh,pii_mask,173,0.0,0.028902,100.0,100.0,1.0,1.0,1.0,1.0,,1.0,1.0,
functionality,counter_quote_nh,pii_quasi_mask,173,0.0,0.063584,100.0,100.0,1.0,1.0,1.0,1.0,,1.0,1.0,
functionality,counter_quote_nh,importance_only,173,0.0,0.271676,15.161,14.995,0.588235,0.842105,0.150943,0.138728,,0.193548,0.052632,
functionality,counter_quote_nh,importance_window,173,0.0,0.184971,50.173,46.519,0.803922,0.894737,0.45283,0.901734,,0.516129,0.710526,
functionality,counter_quote_nh,icem_context,173,0.0,0.080925,67.833,62.765,1.0,0.973684,0.981132,1.0,,0.967742,0.973684,
functionality,counter_ref_nh,raw,141,0.0,0.0,100.0,100.0,1.0,1.0,1.0,1.0,,1.0,1.0,
functionality,counter_ref_nh,pii_mask,141,0.0,0.014184,100.0,100.0,1.0,1.0,1.0,1.0,,1.0,1.0,
functionality,counter_ref_nh,pii_quasi_mask,141,0.0,0.021277,100.0,100.0,1.0,1.0,1.0,0.66,,1.0,0.740741,
functionality,counter_ref_nh,importance_only,141,0.0,0.340426,15.887,15.229,0.532787,0.666667,0.264151,0.09,,0.185185,0.259259,
functionality,counter_ref_nh,importance_window,141,0.0,0.141844,51.323,47.936,0.942623,0.878788,0.509434,0.38,,0.888889,0.444444,
functionality,counter_ref_nh,icem_context,141,0.0,0.049645,62.549,57.83,1.0,0.969697,1.0,0.63,,1.0,0.740741,
functionality,derog_dehum_h,raw,140,0.271605,0.0,100.0,100.0,1.0,1.0,1.0,1.0,,1.0,1.0,
functionality,derog_dehum_h,pii_mask,140,0.323353,0.035714,100.0,100.0,1.0,1.0,1.0,1.0,,1.0,1.0,
functionality,derog_dehum_h,pii_quasi_mask,140,0.409091,0.114286,100.0,100.0,1.0,1.0,1.0,0.5,,1.0,0.5,
functionality,derog_dehum_h,importance_only,140,0.333333,0.114286,19.173,19.686,0.639706,1.0,0.142857,0.04,,0.5,0.0,
functionality,derog_dehum_h,importance_window,140,0.444444,0.128571,60.385,54.194,0.897059,1.0,0.285714,0.28,,1.0,0.0,
functionality,derog_dehum_h,icem_context,140,0.381503,0.092857,70.152,63.026,1.0,1.0,1.0,0.5,,1.0,0.5,
functionality,derog_impl_h,raw,140,0.055556,0.0,100.0,100.0,1.0,1.0,1.0,1.0,,1.0,1.0,
functionality,derog_impl_h,pii_mask,140,0.082192,0.028571,100.0,100.0,1.0,1.0,1.0,1.0,,1.0,1.0,
functionality,derog_impl_h,pii_quasi_mask,140,0.082192,0.028571,100.0,100.0,1.0,1.0,1.0,0.526316,,1.0,0.75,
functionality,derog_impl_h,importance_only,140,0.120805,0.064286,20.935,18.896,0.757143,0.857143,0.6,0.126316,,0.285714,0.0,
functionality,derog_impl_h,importance_window,140,0.082192,0.028571,63.058,57.251,0.807143,0.857143,0.828571,0.389474,,0.428571,0.0,
functionality,derog_impl_h,icem_context,140,0.095238,0.035714,71.885,66.136,0.992857,1.0,1.0,0.526316,,1.0,0.75,
functionality,derog_neg_attrib_h,raw,140,0.25,0.0,100.0,100.0,1.0,1.0,1.0,1.0,,1.0,1.0,
functionality,derog_neg_attrib_h,pii_mask,140,0.238994,0.064286,100.0,100.0,1.0,1.0,1.0,1.0,,1.0,1.0,
functionality,derog_neg_attrib_h,pii_quasi_mask,140,0.30303,0.107143,100.0,100.0,1.0,1.0,1.0,0.585106,,1.0,0.818182,
functionality,derog_neg_attrib_h,importance_only,140,0.362573,0.178571,18.528,19.676,0.686131,0.857143,0.142857,0.06383,,0.642857,0.090909,
functionality,derog_neg_attrib_h,importance_window,140,0.352941,0.114286,56.85,50.752,0.839416,1.0,0.535714,0.265957,,0.857143,0.272727,
functionality,derog_neg_attrib_h,icem_context,140,0.271605,0.1,69.497,62.45,1.0,1.0,1.0,0.585106,,1.0,0.818182,
functionality,derog_neg_emote_h,raw,140,0.169935,0.0,100.0,100.0,1.0,1.0,1.0,1.0,,1.0,1.0,
functionality,derog_neg_emote_h,pii_mask,140,0.145695,0.014286,100.0,100.0,1.0,1.0,1.0,1.0,,1.0,1.0,
functionality,derog_neg_emote_h,pii_quasi_mask,140,0.181818,0.035714,100.0,100.0,1.0,1.0,1.0,0.490385,,1.0,0.25,
functionality,derog_neg_emote_h,importance_only,140,0.216561,0.085714,20.279,18.767,0.807143,0.857143,0.0,0.067308,,0.571429,0.0,
functionality,derog_neg_emote_h,importance_window,140,0.238994,0.1,57.94,52.22,0.914286,1.0,1.0,0.259615,,1.0,0.25,
functionality,derog_neg_emote_h,icem_context,140,0.169935,0.028571,65.041,59.031,1.0,1.0,1.0,0.461538,,1.0,0.25,
functionality,ident_neutral_nh,raw,126,0.0,0.0,100.0,100.0,1.0,,1.0,1.0,,,,
functionality,ident_neutral_nh,pii_mask,126,0.0,0.007937,100.0,100.0,1.0,,1.0,1.0,,,,
functionality,ident_neutral_nh,pii_quasi_mask,126,0.0,0.007937,100.0,100.0,1.0,,1.0,0.592105,,,,
functionality,ident_neutral_nh,importance_only,126,0.0,0.047619,23.636,21.093,0.854839,,0.666667,0.381579,,,,
functionality,ident_neutral_nh,importance_window,126,0.0,0.015873,67.793,60.856,0.887097,,0.904762,0.486842,,,,
functionality,ident_neutral_nh,icem_context,126,0.0,0.015873,73.794,66.586,0.991935,,1.0,0.592105,,,,
functionality,ident_pos_nh,raw,189,0.0,0.0,100.0,100.0,1.0,1.0,1.0,1.0,,1.0,1.0,
functionality,ident_pos_nh,pii_mask,189,0.0,0.015873,100.0,100.0,1.0,1.0,1.0,1.0,,1.0,1.0,
functionality,ident_pos_nh,pii_quasi_mask,189,0.0,0.031746,100.0,100.0,1.0,1.0,1.0,0.435115,,1.0,0.5,
functionality,ident_pos_nh,importance_only,189,0.0,0.026455,22.005,20.048,0.898936,0.714286,0.857143,0.160305,,0.714286,0.0,
functionality,ident_pos_nh,importance_window,189,0.0,0.026455,60.562,56.233,0.973404,0.857143,0.857143,0.320611,,0.857143,0.25,
functionality,ident_pos_nh,icem_context,189,0.0,0.026455,65.318,60.536,1.0,1.0,0.857143,0.427481,,1.0,0.5,
functionality,negate_neg_nh,raw,133,0.0,0.0,100.0,100.0,1.0,1.0,1.0,1.0,1.0,1.0,1.0,
functionality,negate_neg_nh,pii_mask,133,0.0,0.030075,100.0,100.0,1.0,1.0,1.0,1.0,1.0,1.0,1.0,
functionality,negate_neg_nh,pii_quasi_mask,133,0.0,0.045113,100.0,100.0,1.0,1.0,1.0,0.574468,1.0,1.0,1.0,
functionality,negate_neg_nh,importance_only,133,0.0,0.120301,20.395,17.699,0.704545,1.0,0.349206,0.106383,0.0,0.285714,0.0,
functionality,negate_neg_nh,importance_window,133,0.0,0.045113,60.04,54.748,0.878788,1.0,0.865079,0.404255,0.714286,1.0,1.0,
functionality,negate_neg_nh,icem_context,133,0.0,0.052632,69.47,64.084,1.0,1.0,1.0,0.553191,1.0,1.0,1.0,
functionality,negate_pos_h,raw,140,0.082192,0.0,100.0,100.0,1.0,,1.0,1.0,,,,
functionality,negate_pos_h,pii_mask,140,0.068966,0.007143,100.0,100.0,1.0,,1.0,1.0,,,,
functionality,negate_pos_h,pii_quasi_mask,140,0.095238,0.021429,100.0,100.0,1.0,,1.0,0.488636,,,,
functionality,negate_pos_h,importance_only,140,0.028169,0.042857,23.376,20.4,0.909091,,0.464286,0.159091,,,,
functionality,negate_pos_h,importance_window,140,0.041958,0.021429,65.404,59.702,0.969697,,0.885714,0.352273,,,,
functionality,negate_pos_h,icem_context,140,0.041958,0.021429,70.859,64.777,1.0,,1.0,0.488636,,,,
functionality,phrase_opinion_h,raw,133,0.347826,0.0,100.0,100.0,1.0,1.0,1.0,1.0,,1.0,1.0,
functionality,phrase_opinion_h,pii_mask,133,0.3375,0.022556,100.0,100.0,1.0,1.0,1.0,1.0,,1.0,1.0,
functionality,phrase_opinion_h,pii_quasi_mask,133,0.358025,0.067669,100.0,100.0,1.0,1.0,1.0,0.5,,1.0,0.4,
functionality,phrase_opinion_h,importance_only,133,0.347826,0.090226,18.366,16.802,0.78626,0.142857,0.357143,0.054348,,0.142857,0.0,
functionality,phrase_opinion_h,importance_window,133,0.416667,0.082707,56.012,51.735,0.938931,0.428571,0.714286,0.163043,,0.428571,0.0,
functionality,phrase_opinion_h,icem_context,133,0.368098,0.075188,64.973,59.417,1.0,1.0,1.0,0.456522,,1.0,0.4,
functionality,phrase_question_h,raw,140,0.169935,0.0,100.0,100.0,1.0,1.0,1.0,1.0,1.0,1.0,1.0,
functionality,phrase_question_h,pii_mask,140,0.181818,0.021429,100.0,100.0,1.0,1.0,1.0,1.0,1.0,1.0,1.0,
functionality,phrase_question_h,pii_quasi_mask,140,0.25,0.064286,100.0,100.0,1.0,1.0,1.0,0.553191,1.0,1.0,0.666667,
functionality,phrase_question_h,importance_only,140,0.352941,0.135714,16.488,15.663,0.683824,0.857143,0.285714,0.06383,0.285714,0.285714,0.166667,
functionality,phrase_question_h,importance_window,140,0.313253,0.092857,52.806,49.219,0.911765,1.0,0.444444,0.212766,0.857143,0.928571,0.5,
functionality,phrase_question_h,icem_context,140,0.238994,0.057143,65.948,61.598,1.0,1.0,0.904762,0.510638,1.0,1.0,0.666667,
functionality,profanity_h,raw,140,0.157895,0.0,100.0,100.0,1.0,1.0,1.0,1.0,,1.0,1.0,
functionality,profanity_h,pii_mask,140,0.157895,0.028571,100.0,100.0,1.0,1.0,1.0,1.0,,1.0,1.0,
functionality,profanity_h,pii_quasi_mask,140,0.205128,0.057143,100.0,100.0,1.0,1.0,1.0,0.571429,,1.0,0.8,
functionality,profanity_h,importance_only,140,0.25,0.114286,18.983,18.862,0.735294,0.571429,0.0,0.071429,,0.571429,0.0,
functionality,profanity_h,importance_window,140,0.271605,0.071429,56.118,51.352,0.808824,0.857143,0.428571,0.27551,,0.714286,0.4,
functionality,profanity_h,icem_context,140,0.216561,0.05,67.248,61.53,1.0,1.0,1.0,0.571429,,1.0,0.8,
functionality,profanity_nh,raw,100,0.0,0.0,100.0,100.0,1.0,1.0,1.0,1.0,,1.0,1.0,
functionality,profanity_nh,pii_mask,100,0.0,0.0,100.0,100.0,1.0,1.0,1.0,1.0,,1.0,1.0,
functionality,profanity_nh,pii_quasi_mask,100,0.0,0.0,100.0,100.0,1.0,1.0,1.0,0.479452,,1.0,0.666667,
functionality,profanity_nh,importance_only,100,0.0,0.07,21.607,18.728,0.666667,0.333333,0.5,0.246575,,0.0,0.0,
functionality,profanity_nh,importance_window,100,0.0,0.01,60.313,54.631,1.0,1.0,0.833333,0.369863,,1.0,0.666667,
functionality,profanity_nh,icem_context,100,0.0,0.01,65.986,59.536,1.0,1.0,1.0,0.479452,,1.0,0.666667,
functionality,ref_subs_clause_h,raw,140,0.343195,0.0,100.0,100.0,1.0,1.0,1.0,1.0,,1.0,1.0,
functionality,ref_subs_clause_h,pii_mask,140,0.343195,0.028571,100.0,100.0,1.0,1.0,1.0,1.0,,1.0,1.0,
functionality,ref_subs_clause_h,pii_quasi_mask,140,0.418079,0.085714,100.0,100.0,1.0,1.0,1.0,0.585859,,1.0,0.636364,
functionality,ref_subs_clause_h,importance_only,140,0.4,0.242857,16.93,15.553,0.678571,1.0,0.095238,0.050505,,0.5,0.0,
functionality,ref_subs_clause_h,importance_window,140,0.534031,0.185714,56.251,52.816,0.828571,1.0,0.714286,0.20202,,0.714286,0.181818,
functionality,ref_subs_clause_h,icem_context,140,0.390805,0.064286,69.611,65.131,1.0,1.0,1.0,0.575758,,1.0,0.636364,
functionality,ref_subs_sent_h,raw,133,0.347826,0.0,100.0,100.0,1.0,1.0,1.0,1.0,,1.0,1.0,
functionality,ref_subs_sent_h,pii_mask,133,0.3375,0.067669,100.0,100.0,1.0,1.0,1.0,1.0,,1.0,1.0,
functionality,ref_subs_sent_h,pii_quasi_mask,133,0.368098,0.090226,100.0,100.0,1.0,1.0,1.0,0.536082,,1.0,0.416667,
functionality,ref_subs_sent_h,importance_only,133,0.48,0.180451,17.556,16.378,0.714286,1.0,0.095238,0.030928,,0.5,0.0,
functionality,ref_subs_sent_h,importance_window,133,0.453488,0.142857,54.223,50.005,0.804511,1.0,0.595238,0.226804,,0.642857,0.083333,
functionality,ref_subs_sent_h,icem_context,133,0.368098,0.06015,64.615,59.718,0.954887,1.0,0.97619,0.505155,,1.0,0.416667,
functionality,slur_h,raw,144,0.581281,0.0,100.0,100.0,,1.0,1.0,1.0,,,1.0,
functionality,slur_h,pii_mask,144,0.56,0.034722,100.0,100.0,,1.0,1.0,1.0,,,1.0,
functionality,slur_h,pii_quasi_mask,144,0.581281,0.069444,100.0,100.0,,1.0,1.0,0.524272,,,0.567568,
functionality,slur_h,importance_only,144,0.690909,0.173611,17.185,17.416,,0.866667,0.444444,0.067961,,,0.081081,
functionality,slur_h,importance_window,144,0.635071,0.111111,53.921,47.691,,0.977778,1.0,0.223301,,,0.324324,
functionality,slur_h,icem_context,144,0.595122,0.069444,64.396,57.426,,1.0,1.0,0.524272,,,0.567568,
functionality,slur_homonym_nh,raw,30,0.0,0.0,100.0,100.0,,1.0,1.0,1.0,,,1.0,
functionality,slur_homonym_nh,pii_mask,30,0.0,0.033333,100.0,100.0,,1.0,1.0,1.0,,,1.0,
functionality,slur_homonym_nh,pii_quasi_mask,30,0.0,0.066667,100.0,100.0,,1.0,1.0,0.416667,,,0.416667,
functionality,slur_homonym_nh,importance_only,30,0.0,0.333333,13.355,12.114,,0.941176,1.0,0.0,,,0.0,
functionality,slur_homonym_nh,importance_window,30,0.0,0.2,45.293,41.866,,1.0,1.0,0.125,,,0.083333,
functionality,slur_homonym_nh,icem_context,30,0.0,0.133333,54.245,50.011,,1.0,1.0,0.416667,,,0.416667,
functionality,slur_reclaimed_nh,raw,81,0.0,0.0,100.0,100.0,1.0,1.0,1.0,1.0,1.0,1.0,1.0,
functionality,slur_reclaimed_nh,pii_mask,81,0.0,0.08642,100.0,100.0,1.0,1.0,1.0,1.0,1.0,1.0,1.0,
functionality,slur_reclaimed_nh,pii_quasi_mask,81,0.0,0.111111,100.0,100.0,1.0,1.0,1.0,0.537037,1.0,1.0,0.733333,
functionality,slur_reclaimed_nh,importance_only,81,0.0,0.395062,12.076,11.253,0.0,0.984615,0.2,0.018519,0.0,0.0,0.088889,
functionality,slur_reclaimed_nh,importance_window,81,0.0,0.222222,43.482,38.819,0.4,1.0,0.4,0.185185,1.0,0.5,0.266667,
functionality,slur_reclaimed_nh,icem_context,81,0.0,0.197531,52.772,47.278,1.0,1.0,0.933333,0.462963,1.0,1.0,0.644444,
functionality,spell_char_del_h,raw,140,0.193548,0.0,100.0,100.0,1.0,,1.0,1.0,,,,
functionality,spell_char_del_h,pii_mask,140,0.205128,0.021429,100.0,100.0,1.0,,1.0,1.0,,,,
functionality,spell_char_del_h,pii_quasi_mask,140,0.25,0.064286,100.0,100.0,1.0,,1.0,0.52381,,,,
functionality,spell_char_del_h,importance_only,140,0.26087,0.085714,19.48,19.36,0.704545,,0.47619,0.104762,,,,
functionality,spell_char_del_h,importance_window,140,0.282209,0.071429,57.175,52.394,0.886364,,0.809524,0.304762,,,,
functionality,spell_char_del_h,icem_context,140,0.227848,0.035714,64.91,59.893,1.0,,1.0,0.504762,,,,
functionality,spell_char_swap_h,raw,133,0.152778,0.0,100.0,100.0,1.0,,1.0,1.0,,,,
functionality,spell_char_swap_h,pii_mask,133,0.126761,0.015038,100.0,100.0,1.0,,1.0,1.0,,,,
functionality,spell_char_swap_h,pii_quasi_mask,133,0.226667,0.06015,100.0,100.0,1.0,,1.0,0.535354,,,,
functionality,spell_char_swap_h,importance_only,133,0.13986,0.067669,21.193,21.068,0.789062,,0.428571,0.080808,,,,
functionality,spell_char_swap_h,importance_window,133,0.190476,0.052632,59.394,55.384,0.914062,,1.0,0.343434,,,,
functionality,spell_char_swap_h,icem_context,133,0.190476,0.052632,66.683,61.996,1.0,,1.0,0.535354,,,,
functionality,spell_leet_h,raw,173,0.088398,0.0,100.0,100.0,1.0,,1.0,1.0,,,,
functionality,spell_leet_h,pii_mask,173,0.10929,0.023121,100.0,100.0,1.0,,1.0,1.0,,,,
functionality,spell_leet_h,pii_quasi_mask,173,0.119565,0.028902,100.0,100.0,1.0,,1.0,0.5,,,,
functionality,spell_leet_h,importance_only,173,0.12973,0.034682,21.731,18.532,0.646465,,0.428571,0.196429,,,,
functionality,spell_leet_h,importance_window,173,0.139785,0.028902,61.736,52.406,0.787879,,0.571429,0.383929,,,,
functionality,spell_leet_h,icem_context,173,0.149733,0.046243,66.742,57.503,1.0,,1.0,0.491071,,,,
functionality,spell_space_add_h,raw,173,0.098901,0.0,100.0,100.0,1.0,,1.0,1.0,,,,
functionality,spell_space_add_h,pii_mask,173,0.067039,0.017341,100.0,100.0,1.0,,1.0,1.0,,,,
functionality,spell_space_add_h,pii_quasi_mask,173,0.088398,0.017341,100.0,100.0,1.0,,1.0,0.471074,,,,
functionality,spell_space_add_h,importance_only,173,0.077778,0.011561,21.787,17.95,0.709677,,0.142857,0.305785,,,,
functionality,spell_space_add_h,importance_window,173,0.10929,0.017341,62.492,55.729,0.913978,,0.428571,0.404959,,,,
functionality,spell_space_add_h,icem_context,173,0.088398,0.017341,68.393,60.522,1.0,,1.0,0.471074,,,,
functionality,spell_space_del_h,raw,141,0.2375,0.0,100.0,100.0,1.0,,1.0,1.0,,,,
functionality,spell_space_del_h,pii_mask,141,0.21519,0.042553,100.0,100.0,1.0,,1.0,1.0,,,,
functionality,spell_space_del_h,pii_quasi_mask,141,0.290909,0.06383,100.0,100.0,1.0,,1.0,0.482353,,,,
functionality,spell_space_del_h,importance_only,141,0.2375,0.141844,19.635,22.209,0.795455,,0.0,0.094118,,,,
functionality,spell_space_del_h,importance_window,141,0.311377,0.06383,54.868,51.614,0.943182,,0.142857,0.294118,,,,
functionality,spell_space_del_h,icem_context,141,0.259259,0.028369,61.787,57.044,1.0,,1.0,0.482353,,,,
functionality,target_group_nh,raw,62,0.0,0.0,100.0,100.0,1.0,1.0,1.0,1.0,,,1.0,
functionality,target_group_nh,pii_mask,62,0.0,0.032258,100.0,100.0,1.0,1.0,1.0,1.0,,,1.0,
functionality,target_group_nh,pii_quasi_mask,62,0.0,0.080645,100.0,100.0,1.0,1.0,1.0,0.628571,,,1.0,
functionality,target_group_nh,importance_only,62,0.0,0.177419,20.832,20.22,0.0,1.0,0.8,0.114286,,,0.5,
functionality,target_group_nh,importance_window,62,0.0,0.080645,62.255,57.068,1.0,1.0,1.0,0.228571,,,0.5,
functionality,target_group_nh,icem_context,62,0.0,0.096774,69.114,62.673,1.0,1.0,1.0,0.6,,,1.0,
functionality,target_indiv_nh,raw,65,0.0,0.0,100.0,100.0,1.0,1.0,1.0,1.0,,,1.0,
functionality,target_indiv_nh,pii_mask,65,0.0,0.015385,100.0,100.0,1.0,1.0,1.0,1.0,,,1.0,
functionality,target_indiv_nh,pii_quasi_mask,65,0.0,0.015385,100.0,100.0,1.0,1.0,1.0,0.574468,,,1.0,
functionality,target_indiv_nh,importance_only,65,0.0,0.076923,20.914,18.686,0.0,1.0,0.2,0.148936,,,0.0,
functionality,target_indiv_nh,importance_window,65,0.0,0.015385,60.611,53.303,1.0,1.0,1.0,0.404255,,,1.0,
functionality,target_indiv_nh,icem_context,65,0.0,0.015385,65.665,57.027,1.0,1.0,1.0,0.553191,,,1.0,
functionality,target_obj_nh,raw,65,0.0,0.0,100.0,100.0,,1.0,1.0,1.0,,,1.0,
functionality,target_obj_nh,pii_mask,65,0.0,0.030769,100.0,100.0,,1.0,1.0,1.0,,,1.0,
functionality,target_obj_nh,pii_quasi_mask,65,0.0,0.030769,100.0,100.0,,1.0,1.0,0.522727,,,1.0,
functionality,target_obj_nh,importance_only,65,0.0,0.123077,20.145,18.726,,1.0,0.5,0.090909,,,0.0,
functionality,target_obj_nh,importance_window,65,0.0,0.076923,57.684,52.777,,1.0,0.75,0.227273,,,0.25,
functionality,target_obj_nh,icem_context,65,0.0,0.061538,63.782,58.333,,1.0,1.0,0.5,,,1.0,
functionality,threat_dir_h,raw,133,0.113475,0.0,100.0,100.0,1.0,1.0,1.0,1.0,,1.0,1.0,
functionality,threat_dir_h,pii_mask,133,0.086331,0.030075,100.0,100.0,1.0,1.0,1.0,1.0,,1.0,1.0,
functionality,threat_dir_h,pii_quasi_mask,133,0.202703,0.067669,100.0,100.0,1.0,1.0,1.0,0.53012,,1.0,0.5,
functionality,threat_dir_h,importance_only,133,0.202703,0.142857,20.684,17.77,0.65625,1.0,0.285714,0.060241,,0.285714,0.0,
functionality,threat_dir_h,importance_window,133,0.214765,0.090226,58.846,53.571,0.953125,1.0,0.857143,0.26506,,1.0,0.5,
functionality,threat_dir_h,icem_context,133,0.214765,0.090226,66.452,60.029,1.0,1.0,1.0,0.53012,,1.0,0.5,
functionality,threat_norm_h,raw,140,0.216561,0.0,100.0,100.0,1.0,1.0,1.0,1.0,,1.0,1.0,
functionality,threat_norm_h,pii_mask,140,0.216561,0.057143,100.0,100.0,1.0,1.0,1.0,1.0,,1.0,1.0,
functionality,threat_norm_h,pii_quasi_mask,140,0.282209,0.071429,100.0,100.0,1.0,1.0,1.0,0.515464,,1.0,0.5,
functionality,threat_norm_h,importance_only,140,0.227848,0.135714,19.449,18.426,0.757143,0.428571,0.0,0.0,,0.428571,0.0,
functionality,threat_norm_h,importance_window,140,0.372093,0.15,55.101,50.827,0.921429,1.0,0.928571,0.195876,,1.0,0.5,
functionality,threat_norm_h,icem_context,140,0.271605,0.107143,64.527,59.651,1.0,1.0,1.0,0.484536,,1.0,0.5,
